Genome name: 	Aquifex aeolicus VF5
Gene name: 	fusA

Number of Codons: 	700
GC content: 	46,33
Average RSCU: 	1,267
Codon Pair Bias: 	0,048
Effective Number of Codons: 	40,212
CAI: 	0,726

Index	Codon	Amino Acid	Codon Pair Score	Codon Usage RSCU	GC content	Codon Usage (CAI)
1	AUG	M	-0.20200765	1.0	1	1.0
2	GCG	A	0.47292396	0.944732	3	1.0
3	AGA	R	-0.5503925	2.3239777	1	2.8578553
4	GAG	E	-0.15779921	0.6988454	2	0.537931
5	GUG	V	-0.5500782	0.7679682	2	0.50583655
6	CCU	P	-0.067939945	1.0513053	2	0.7903226
7	AUA	I	0.29733658	1.9047084	0	1.9162303
8	GAG	E	-0.39654776	0.6988454	2	0.537931
9	AAA	K	-0.2876288	0.9491823	0	0.68025076
10	UUG	L	0.76210356	0.43823922	1	0.2985782
11	AGA	R	0.14543548	2.3239777	1	2.8578553
12	AAC	N	-0.045040403	1.4202899	1	1.630137
13	AUA	I	0.38039556	1.9047084	0	1.9162303
14	GGU	G	0.22011985	0.92941177	2	1.2095033
15	AUA	I	-0.04373377	1.9047084	0	1.9162303
16	GUU	V	-0.6674423	1.5259886	1	1.7898833
17	GCU	A	0.12070303	1.0818167	2	1.1648352
18	CAC	H	-0.54420704	1.6752733	2	1.82
19	AUU	I	-0.4835564	0.69768155	0	0.5732984
20	GAC	D	-0.21827766	1.2725194	2	1.4796748
21	GCG	A	0.37384525	0.944732	3	1.0
22	GGU	G	-0.3133329	0.92941177	2	1.2095033
23	AAA	K	0.5145729	0.9491823	0	0.68025076
24	ACU	T	0.19806929	0.91446745	1	0.7550201
25	ACG	T	-0.2224337	1.1727145	2	1.0923694
26	ACU	T	0.036371075	0.91446745	1	0.7550201
27	ACC	T	-0.19396527	1.0904807	2	1.2530121
28	GAG	E	-0.060814295	0.6988454	2	0.537931
29	AGA	R	0.28077814	2.3239777	1	2.8578553
30	AUU	I	0.056632124	0.69768155	0	0.5732984
31	CUC	L	-0.26430508	1.7994562	2	2.3744075
32	UAU	Y	0.51713085	0.35487005	0	0.30769232
33	UAC	Y	0.055711795	1.6451299	1	1.6923077
34	ACG	T	0.47978842	1.1727145	2	1.0923694
35	GGU	G	-0.5973776	0.92941177	2	1.2095033
36	AAG	K	-0.23310168	1.0508177	1	1.3197492
37	ACU	T	0.76610476	0.91446745	1	0.7550201
38	UAC	Y	-0.19856508	1.6451299	1	1.6923077
39	AAG	K	0.17081308	1.0508177	1	1.3197492
40	AUA	I	0.38039556	1.9047084	0	1.9162303
41	GGU	G	-0.123357266	0.92941177	2	1.2095033
42	GAA	E	0.12798698	1.3011546	1	1.4620689
43	GUU	V	0.48332298	1.5259886	1	1.7898833
44	CAC	H	-0.14039314	1.6752733	2	1.82
45	GAA	E	0.14246319	1.3011546	1	1.4620689
46	GGU	G	0.30211583	0.92941177	2	1.2095033
47	GCU	A	0.3218014	1.0818167	2	1.1648352
48	GCA	A	0.5007864	1.1252296	2	1.3406594
49	ACG	T	-0.21804637	1.1727145	2	1.0923694
50	AUG	M	-0.029568996	1.0	1	1.0
51	GAC	D	0.23111248	1.2725194	2	1.4796748
52	UGG	W	0.0	1.0	2	1.0
53	AUG	M	0.13204634	1.0	1	1.0
54	CCC	P	-0.38527143	1.7079169	3	2.1612904
55	CAG	Q	0.241494	1.2901205	2	1.1954023
56	GAA	E	0.33516356	1.3011546	1	1.4620689
57	AAG	K	0.21907796	1.0508177	1	1.3197492
58	GAA	E	-0.13679889	1.3011546	1	1.4620689
59	AGA	R	0.17545943	2.3239777	1	2.8578553
60	GGU	G	0.22011985	0.92941177	2	1.2095033
61	AUA	I	0.20818785	1.9047084	0	1.9162303
62	ACC	T	-0.08844407	1.0904807	2	1.2530121
63	AUA	I	0.20818785	1.9047084	0	1.9162303
64	ACC	T	0.4989875	1.0904807	2	1.2530121
65	GUU	V	0.21731561	1.5259886	1	1.7898833
66	GCA	A	0.5007864	1.1252296	2	1.3406594
67	ACG	T	-0.62730724	1.1727145	2	1.0923694
68	ACC	T	0.76840085	1.0904807	2	1.2530121
69	GCA	A	-0.8165812	1.1252296	2	1.3406594
70	UGU	C	0.7259308	0.96766245	1	0.6
71	UAU	Y	-0.8591914	0.35487005	0	0.30769232
72	UGG	W	-0.23936379	1.0	2	1.0
73	ACG	T	0.8336099	1.1727145	2	1.0923694
74	AGA	R	0.14543548	2.3239777	1	2.8578553
75	AAC	N	0.116077505	1.4202899	1	1.630137
76	GGG	G	0.32061562	0.5944118	3	0.25053996
77	GAG	E	0.10670191	0.6988454	2	0.537931
78	AGG	R	0.76819265	3.2002017	2	2.9177055
79	UAU	Y	0.7920597	0.35487005	0	0.30769232
80	CAA	Q	0.037972897	0.7098795	1	0.8045977
81	AUA	I	0.30061725	1.9047084	0	1.9162303
82	AAC	N	-0.045040403	1.4202899	1	1.630137
83	AUA	I	0.13595948	1.9047084	0	1.9162303
84	AUU	I	-0.4835564	0.69768155	0	0.5732984
85	GAC	D	0.15440203	1.2725194	2	1.4796748
86	ACA	T	0.33834836	0.8223374	1	0.8995984
87	CCC	P	0.42140013	1.7079169	3	2.1612904
88	GGA	G	0.20386636	1.9927942	2	1.987041
89	CAC	H	0.09664574	1.6752733	2	1.82
90	GUU	V	0.1501341	1.5259886	1	1.7898833
91	GAC	D	-0.1286885	1.2725194	2	1.4796748
92	UUC	F	-0.24418381	0.8789618	1	1.1525424
93	UCC	S	0.13580969	1.6326423	2	2.0406091
94	GUU	V	-0.15277527	1.5259886	1	1.7898833
95	GAA	E	0.12798698	1.3011546	1	1.4620689
96	GUU	V	-0.07376695	1.5259886	1	1.7898833
97	GUA	V	-0.78082055	1.2759264	1	1.3229572
98	CGU	R	2.0225778	0.17657748	2	0.10473815
99	UCC	S	0.22181594	1.6326423	2	2.0406091
100	AUG	M	-0.024357243	1.0	1	1.0
101	AAA	K	-0.019436289	0.9491823	0	0.68025076
102	GUU	V	0.42513674	1.5259886	1	1.7898833
103	CUC	L	-0.5571503	1.7994562	2	2.3744075
104	GAC	D	0.24880317	1.2725194	2	1.4796748
105	GGA	G	-0.20909552	1.9927942	2	1.987041
106	AUA	I	-0.04373377	1.9047084	0	1.9162303
107	GUU	V	0.13330312	1.5259886	1	1.7898833
108	UUC	F	0.07407835	0.8789618	1	1.1525424
109	AUA	I	0.1078397	1.9047084	0	1.9162303
110	UUC	F	-0.24418381	0.8789618	1	1.1525424
111	UCC	S	0.080087446	1.6326423	2	2.0406091
112	GCG	A	0.5844236	0.944732	3	1.0
113	GUU	V	-0.15277527	1.5259886	1	1.7898833
114	GAA	E	0.14246319	1.3011546	1	1.4620689
115	GGU	G	0.41834152	0.92941177	2	1.2095033
116	GUG	V	-1.1253046	0.7679682	2	0.50583655
117	CAA	Q	0.31014103	0.7098795	1	0.8045977
118	CCU	P	0.42474663	1.0513053	2	0.7903226
119	CAG	Q	-0.1931591	1.2901205	2	1.1954023
120	UCC	S	-0.042738266	1.6326423	2	2.0406091
121	GAA	E	-0.46281913	1.3011546	1	1.4620689
122	GCA	A	0.9346539	1.1252296	2	1.3406594
123	AAC	N	0.2741484	1.4202899	1	1.630137
124	UGG	W	0.016920984	1.0	2	1.0
125	AGA	R	-0.56998694	2.3239777	1	2.8578553
126	UGG	W	-0.22665273	1.0	2	1.0
127	GCG	A	0.93277943	0.944732	3	1.0
128	GAC	D	0.40678918	1.2725194	2	1.4796748
129	AGG	R	0.16396524	3.2002017	2	2.9177055
130	UUC	F	-0.6318284	0.8789618	1	1.1525424
131	CAA	Q	-0.16739435	0.7098795	1	0.8045977
132	GUU	V	0.5078478	1.5259886	1	1.7898833
133	CCG	P	0.94923604	0.6999818	3	0.58064514
134	AGG	R	0.23633395	3.2002017	2	2.9177055
135	AUA	I	0.5029114	1.9047084	0	1.9162303
136	GCC	A	0.7096064	0.8482217	3	0.4945055
137	UUC	F	0.07407835	0.8789618	1	1.1525424
138	AUA	I	0.30061725	1.9047084	0	1.9162303
139	AAC	N	-0.22357698	1.4202899	1	1.630137
140	AAG	K	0.14392617	1.0508177	1	1.3197492
141	AUG	M	-0.029568996	1.0	1	1.0
142	GAC	D	-0.71687883	1.2725194	2	1.4796748
143	CGU	R	-0.5938902	0.17657748	2	0.10473815
144	CUG	L	-0.32708243	0.82554364	2	0.8530805
145	GGU	G	0.6094618	0.92941177	2	1.2095033
146	GCG	A	1.1064415	0.944732	3	1.0
147	GAU	D	-0.07020309	0.7274807	1	0.5203252
148	UUU	F	0.26414633	1.1210382	0	0.84745765
149	UAC	Y	0.1776193	1.6451299	1	1.6923077
150	AGA	R	-0.15488017	2.3239777	1	2.8578553
151	GUG	V	-0.056791317	0.7679682	2	0.50583655
152	UUU	F	-0.22475643	1.1210382	0	0.84745765
153	AAG	K	0.21907796	1.0508177	1	1.3197492
154	GAA	E	-0.19204843	1.3011546	1	1.4620689
155	AUA	I	0.054881807	1.9047084	0	1.9162303
156	GAA	E	-0.07183035	1.3011546	1	1.4620689
157	GAA	E	0.33516356	1.3011546	1	1.4620689
158	AAG	K	-0.10616935	1.0508177	1	1.3197492
159	CUA	L	0.15373124	0.4366654	1	0.4691943
160	ACC	T	-0.08844407	1.0904807	2	1.2530121
161	AUA	I	0.32650515	1.9047084	0	1.9162303
162	AAG	K	-0.24877566	1.0508177	1	1.3197492
163	CCC	P	0.33727193	1.7079169	3	2.1612904
164	GUU	V	0.20311324	1.5259886	1	1.7898833
165	GCC	A	-0.019742604	0.8482217	3	0.4945055
166	AUU	I	0.6701534	0.69768155	0	0.5732984
167	CAA	Q	0.037972897	0.7098795	1	0.8045977
168	AUA	I	-0.54072124	1.9047084	0	1.9162303
169	CCC	P	-0.20292626	1.7079169	3	2.1612904
170	CUG	L	0.34666055	0.82554364	2	0.8530805
171	GGA	G	0.116703145	1.9927942	2	1.987041
172	GCG	A	0.5641143	0.944732	3	1.0
173	GAG	E	0.091950916	0.6988454	2	0.537931
174	GAC	D	-0.07400862	1.2725194	2	1.4796748
175	CAG	Q	0.05141587	1.2901205	2	1.1954023
176	UUU	F	0.5194817	1.1210382	0	0.84745765
177	GAA	E	0.14246319	1.3011546	1	1.4620689
178	GGU	G	0.40566936	0.92941177	2	1.2095033
179	GUU	V	-0.08520164	1.5259886	1	1.7898833
180	AUA	I	-0.15977038	1.9047084	0	1.9162303
181	GAU	D	-0.07618483	0.7274807	1	0.5203252
182	CUA	L	-0.06389202	0.4366654	1	0.4691943
183	AUG	M	0.13145795	1.0	1	1.0
184	GAA	E	-0.0803224	1.3011546	1	1.4620689
185	AUG	M	0.021502765	1.0	1	1.0
186	AAG	K	-0.026704647	1.0508177	1	1.3197492
187	GCA	A	-0.2427376	1.1252296	2	1.3406594
188	AUA	I	0.37074453	1.9047084	0	1.9162303
189	AGG	R	0.20869172	3.2002017	2	2.9177055
190	UGG	W	0.1995732	1.0	2	1.0
191	CUC	L	-0.87734807	1.7994562	2	2.3744075
192	GAA	E	-0.07183035	1.3011546	1	1.4620689
193	GAA	E	0.2928196	1.3011546	1	1.4620689
194	ACC	T	-0.3868999	1.0904807	2	1.2530121
195	CUC	L	0.44671234	1.7994562	2	2.3744075
196	GGA	G	0.2799884	1.9927942	2	1.987041
197	GCU	A	-0.2567483	1.0818167	2	1.1648352
198	AAA	K	-1.1680675	0.9491823	0	0.68025076
199	UAC	Y	-0.14459012	1.6451299	1	1.6923077
200	GAA	E	-0.10370301	1.3011546	1	1.4620689
201	GUA	V	-0.30026212	1.2759264	1	1.3229572
202	GUA	V	-0.45935333	1.2759264	1	1.3229572
203	GAC	D	-0.2599042	1.2725194	2	1.4796748
204	AUU	I	0.33515903	0.69768155	0	0.5732984
205	CCU	P	0.42943585	1.0513053	2	0.7903226
206	CCA	P	0.24883372	0.5407959	2	0.46774194
207	GAA	E	-0.7602724	1.3011546	1	1.4620689
208	UAC	Y	-0.3141092	1.6451299	1	1.6923077
209	CAG	Q	0.241494	1.2901205	2	1.1954023
210	GAA	E	0.33516356	1.3011546	1	1.4620689
211	AAG	K	0.46979946	1.0508177	1	1.3197492
212	GCU	A	0.6282267	1.0818167	2	1.1648352
213	CAA	Q	-0.38529998	0.7098795	1	0.8045977
214	GAA	E	-0.9358405	1.3011546	1	1.4620689
215	UGG	W	-0.0074632466	1.0	2	1.0
216	CGC	R	-1.5041325	0.15265018	3	0.089775555
217	GAA	E	0.33516356	1.3011546	1	1.4620689
218	AAG	K	0.14392617	1.0508177	1	1.3197492
219	AUG	M	0.004817922	1.0	1	1.0
220	AUA	I	0.054881807	1.9047084	0	1.9162303
221	GAA	E	0.2928196	1.3011546	1	1.4620689
222	ACC	T	-0.56305194	1.0904807	2	1.2530121
223	AUC	I	0.12526788	0.39761004	1	0.51047117
224	GUA	V	-0.04592374	1.2759264	1	1.3229572
225	GAA	E	0.2928196	1.3011546	1	1.4620689
226	ACC	T	-0.8000015	1.0904807	2	1.2530121
227	GAC	D	0.32433826	1.2725194	2	1.4796748
228	GAC	D	0.34358028	1.2725194	2	1.4796748
229	GAG	E	-0.39200962	0.6988454	2	0.537931
230	UUA	L	0.5192788	0.9796356	0	0.56872034
231	AUG	M	0.13145795	1.0	1	1.0
232	GAA	E	0.33516356	1.3011546	1	1.4620689
233	AAG	K	0.48158082	1.0508177	1	1.3197492
234	UAC	Y	-0.10911736	1.6451299	1	1.6923077
235	UUA	L	0.0037229455	0.9796356	0	0.56872034
236	GAA	E	-0.15112501	1.3011546	1	1.4620689
237	GGA	G	0.19477992	1.9927942	2	1.987041
238	CAG	Q	0.241494	1.2901205	2	1.1954023
239	GAA	E	-0.19204843	1.3011546	1	1.4620689
240	AUA	I	-0.48975223	1.9047084	0	1.9162303
241	UCU	S	-0.25137904	1.0922362	1	0.91370565
242	AUA	I	-0.15977038	1.9047084	0	1.9162303
243	GAU	D	-0.19013147	0.7274807	1	0.5203252
244	GAA	E	0.1271318	1.3011546	1	1.4620689
245	CUA	L	0.11058149	0.4366654	1	0.4691943
246	AGA	R	0.17016058	2.3239777	1	2.8578553
247	AAA	K	0.23581052	0.9491823	0	0.68025076
248	GCU	A	0.53876024	1.0818167	2	1.1648352
249	UUA	L	0.28526118	0.9796356	0	0.56872034
250	AGA	R	0.3358423	2.3239777	1	2.8578553
251	AAG	K	-0.026704647	1.0508177	1	1.3197492
252	GCA	A	0.13179313	1.1252296	2	1.3406594
253	ACA	T	-0.32138503	0.8223374	1	0.8995984
254	AUA	I	0.29733658	1.9047084	0	1.9162303
255	GAG	E	-0.060814295	0.6988454	2	0.537931
256	AGA	R	0.3358423	2.3239777	1	2.8578553
257	AAG	K	-0.16064024	1.0508177	1	1.3197492
258	CUC	L	0.5990128	1.7994562	2	2.3744075
259	GUU	V	0.76518685	1.5259886	1	1.7898833
260	CCC	P	0.33727193	1.7079169	3	2.1612904
261	GUU	V	0.12432152	1.5259886	1	1.7898833
262	CUU	L	0.17635077	1.5204598	1	1.436019
263	UGC	C	1.019362	1.0323375	2	1.4
264	GGU	G	1.2615383	0.92941177	2	1.2095033
265	UCU	S	0.06832713	1.0922362	1	0.91370565
266	GCA	A	-1.0138091	1.1252296	2	1.3406594
267	UUC	F	-0.08046924	0.8789618	1	1.1525424
268	AAG	K	-0.24470015	1.0508177	1	1.3197492
269	AAC	N	-0.16133265	1.4202899	1	1.630137
270	AAA	K	0.23949333	0.9491823	0	0.68025076
271	GGU	G	0.40566936	0.92941177	2	1.2095033
272	GUU	V	0.4088011	1.5259886	1	1.7898833
273	CAA	Q	0.0025803389	0.7098795	1	0.8045977
274	CCC	P	0.17558761	1.7079169	3	2.1612904
275	CUU	L	-0.24640375	1.5204598	1	1.436019
276	CUU	L	0.36055818	1.5204598	1	1.436019
277	GAC	D	-0.053250913	1.2725194	2	1.4796748
278	GCA	A	-0.38316536	1.1252296	2	1.3406594
279	GUU	V	-0.08520164	1.5259886	1	1.7898833
280	AUA	I	-0.15977038	1.9047084	0	1.9162303
281	GAU	D	0.63261646	0.7274807	1	0.5203252
282	UAC	Y	0.14540276	1.6451299	1	1.6923077
283	CUG	L	-0.19560838	0.82554364	2	0.8530805
284	CCU	P	0.85315174	1.0513053	2	0.7903226
285	UCU	S	0.8132221	1.0922362	1	0.91370565
286	CCU	P	-0.067939945	1.0513053	2	0.7903226
287	AUA	I	0.44671994	1.9047084	0	1.9162303
288	GAC	D	0.19115609	1.2725194	2	1.4796748
289	CUU	L	0.31808594	1.5204598	1	1.436019
290	CCU	P	0.58975655	1.0513053	2	0.7903226
291	CCC	P	0.33727193	1.7079169	3	2.1612904
292	GUU	V	-0.71062213	1.5259886	1	1.7898833
293	AAG	K	-0.31686425	1.0508177	1	1.3197492
294	GGG	G	-0.15230115	0.5944118	3	0.25053996
295	ACA	T	0.5915352	0.8223374	1	0.8995984
296	AAU	N	0.6103693	0.5797101	0	0.369863
297	CCC	P	-0.56900406	1.7079169	3	2.1612904
298	AAG	K	-0.40913364	1.0508177	1	1.3197492
299	ACC	T	-0.93336755	1.0904807	2	1.2530121
300	GGG	G	0.055110168	0.5944118	3	0.25053996
301	GAA	E	-0.07183035	1.3011546	1	1.4620689
302	GAA	E	0.13523018	1.3011546	1	1.4620689
303	GAG	E	-0.3236231	0.6988454	2	0.537931
304	GUC	V	-0.04224845	0.4301169	2	0.38132295
305	AGA	R	0.37966043	2.3239777	1	2.8578553
306	CAC	H	-0.24750617	1.6752733	2	1.82
307	CCC	P	0.11809807	1.7079169	3	2.1612904
308	UCU	S	-0.35836682	1.0922362	1	0.91370565
309	GAC	D	0.32433826	1.2725194	2	1.4796748
310	GAC	D	-0.11493881	1.2725194	2	1.4796748
311	GAA	E	-0.08026497	1.3011546	1	1.4620689
312	CCC	P	0.43328527	1.7079169	3	2.1612904
313	UUC	F	0.23915839	0.8789618	1	1.1525424
314	UGC	C	-0.7693814	1.0323375	2	1.4
315	GCU	A	0.72860783	1.0818167	2	1.1648352
316	UAC	Y	0.33135355	1.6451299	1	1.6923077
317	GCC	A	0.91049975	0.8482217	3	0.4945055
318	UUU	F	-0.22475643	1.1210382	0	0.84745765
319	AAG	K	0.05759217	1.0508177	1	1.3197492
320	GUU	V	0.23120289	1.5259886	1	1.7898833
321	AUG	M	-0.054881655	1.0	1	1.0
322	UCC	S	-0.22403479	1.6326423	2	2.0406091
323	GAC	D	-0.022851218	1.2725194	2	1.4796748
324	CCG	P	-0.3767492	0.6999818	3	0.58064514
325	UAU	Y	-0.12992387	0.35487005	0	0.30769232
326	GCC	A	-0.3461415	0.8482217	3	0.4945055
327	GGA	G	-0.18702902	1.9927942	2	1.987041
328	CAA	Q	0.045344196	0.7098795	1	0.8045977
329	CUU	L	0.13420078	1.5204598	1	1.436019
330	ACC	T	0.059112273	1.0904807	2	1.2530121
331	UAC	Y	0.025845034	1.6451299	1	1.6923077
332	AUC	I	0.21253464	0.39761004	1	0.51047117
333	AGA	R	-0.15488017	2.3239777	1	2.8578553
334	GUG	V	0.06334502	0.7679682	2	0.50583655
335	UUC	F	0.3346155	0.8789618	1	1.1525424
336	UCA	S	-0.21777457	0.8847049	1	0.88324875
337	GGA	G	0.6203232	1.9927942	2	1.987041
338	ACG	T	-0.05945033	1.1727145	2	1.0923694
339	CUA	L	0.8043188	0.4366654	1	0.4691943
340	AAA	K	-0.25001523	0.9491823	0	0.68025076
341	GCG	A	0.37384525	0.944732	3	1.0
342	GGU	G	1.2615383	0.92941177	2	1.2095033
343	UCU	S	0.6918876	1.0922362	1	0.91370565
344	UAC	Y	0.43728107	1.6451299	1	1.6923077
345	GUC	V	-0.47497344	0.4301169	2	0.38132295
346	UAC	Y	0.19798097	1.6451299	1	1.6923077
347	AAC	N	0.2666689	1.4202899	1	1.630137
348	GCA	A	0.5427172	1.1252296	2	1.3406594
349	ACC	T	-0.6057075	1.0904807	2	1.2530121
350	AAG	K	-0.062845565	1.0508177	1	1.3197492
351	GAC	D	-0.11493881	1.2725194	2	1.4796748
352	GAA	E	0.33516356	1.3011546	1	1.4620689
353	AAG	K	-0.06618439	1.0508177	1	1.3197492
354	CAA	Q	0.21743378	0.7098795	1	0.8045977
355	AGG	R	0.7164053	3.2002017	2	2.9177055
356	GCU	A	-0.67505187	1.0818167	2	1.1648352
357	GGA	G	0.21654016	1.9927942	2	1.987041
358	AGA	R	0.3808899	2.3239777	1	2.8578553
359	CUU	L	-0.24640375	1.5204598	1	1.436019
360	CUU	L	-0.16996115	1.5204598	1	1.436019
361	CUC	L	-0.38135237	1.7994562	2	2.3744075
362	AUG	M	0.021820458	1.0	1	1.0
363	CAC	H	-0.121178396	1.6752733	2	1.82
364	GCG	A	-0.4512778	0.944732	3	1.0
365	AAC	N	0.29809767	1.4202899	1	1.630137
366	UCC	S	0.29199272	1.6326423	2	2.0406091
367	AGA	R	-0.5503925	2.3239777	1	2.8578553
368	GAG	E	-0.07091141	0.6988454	2	0.537931
369	GAA	E	-0.19204843	1.3011546	1	1.4620689
370	AUA	I	-0.2429312	1.9047084	0	1.9162303
371	CAG	Q	-0.3623711	1.2901205	2	1.1954023
372	CAG	Q	0.008399904	1.2901205	2	1.1954023
373	GUU	V	0.5773274	1.5259886	1	1.7898833
374	UCC	S	0.080087446	1.6326423	2	2.0406091
375	GCG	A	0.37384525	0.944732	3	1.0
376	GGU	G	-0.123357266	0.92941177	2	1.2095033
377	GAA	E	0.14665487	1.3011546	1	1.4620689
378	AUU	I	0.16284804	0.69768155	0	0.5732984
379	UGU	C	0.5828418	0.96766245	1	0.6
380	GCA	A	-0.38316536	1.1252296	2	1.3406594
381	GUU	V	-0.07376695	1.5259886	1	1.7898833
382	GUA	V	-0.03557329	1.2759264	1	1.3229572
383	GGA	G	0.079072334	1.9927942	2	1.987041
384	CUA	L	-0.21794994	0.4366654	1	0.4691943
385	GAC	D	0.37131962	1.2725194	2	1.4796748
386	GCC	A	0.16864105	0.8482217	3	0.4945055
387	GCA	A	0.5007864	1.1252296	2	1.3406594
388	ACG	T	0.47978842	1.1727145	2	1.0923694
389	GGU	G	0.10395178	0.92941177	2	1.2095033
390	GAU	D	-0.0321171	0.7274807	1	0.5203252
391	ACU	T	-0.5577389	0.91446745	1	0.7550201
392	CUC	L	0.34882998	1.7994562	2	2.3744075
393	UGU	C	0.11992805	0.96766245	1	0.6
394	GAU	D	-0.19013147	0.7274807	1	0.5203252
395	GAA	E	0.33516356	1.3011546	1	1.4620689
396	AAG	K	-0.30839962	1.0508177	1	1.3197492
397	CAC	H	-0.24750617	1.6752733	2	1.82
398	CCC	P	0.22245486	1.7079169	3	2.1612904
399	AUA	I	0.71390027	1.9047084	0	1.9162303
400	AUC	I	0.83638436	0.39761004	1	0.51047117
401	CUU	L	0.43198094	1.5204598	1	1.436019
402	GAA	E	0.33516356	1.3011546	1	1.4620689
403	AAG	K	-0.5455537	1.0508177	1	1.3197492
404	CUU	L	0.43198094	1.5204598	1	1.436019
405	GAA	E	-0.54250526	1.3011546	1	1.4620689
406	UUC	F	-0.15136522	0.8789618	1	1.1525424
407	CCU	P	-0.46288148	1.0513053	2	0.7903226
408	GAC	D	-0.43790248	1.2725194	2	1.4796748
409	CCC	P	0.33727193	1.7079169	3	2.1612904
410	GUU	V	-0.08520164	1.5259886	1	1.7898833
411	AUA	I	-0.48975223	1.9047084	0	1.9162303
412	UCU	S	0.14061452	1.0922362	1	0.91370565
413	AUG	M	0.404434	1.0	1	1.0
414	GCU	A	0.1875894	1.0818167	2	1.1648352
415	AUA	I	0.29733658	1.9047084	0	1.9162303
416	GAG	E	0.27274534	0.6988454	2	0.537931
417	CCA	P	0.6579447	0.5407959	2	0.46774194
418	AAG	K	-0.40913364	1.0508177	1	1.3197492
419	ACC	T	-0.6057075	1.0904807	2	1.2530121
420	AAG	K	0.0015585896	1.0508177	1	1.3197492
421	AAG	K	-0.062845565	1.0508177	1	1.3197492
422	GAC	D	-0.5127049	1.2725194	2	1.4796748
423	CAA	Q	-0.38529998	0.7098795	1	0.8045977
424	GAA	E	-0.057078335	1.3011546	1	1.4620689
425	AAA	K	0.67204756	0.9491823	0	0.68025076
426	CUC	L	0.37788197	1.7994562	2	2.3744075
427	UCA	S	-0.20185387	0.8847049	1	0.88324875
428	CAA	Q	-0.16739435	0.7098795	1	0.8045977
429	GUU	V	0.42513674	1.5259886	1	1.7898833
430	CUC	L	-0.68021566	1.7994562	2	2.3744075
431	AAC	N	-0.22357698	1.4202899	1	1.630137
432	AAG	K	0.585005	1.0508177	1	1.3197492
433	UUC	F	-0.17326705	0.8789618	1	1.1525424
434	AUG	M	-0.024357243	1.0	1	1.0
435	AAA	K	-0.11419328	0.9491823	0	0.68025076
436	GAG	E	0.16794327	0.6988454	2	0.537931
437	GAU	D	0.48417267	0.7274807	1	0.5203252
438	CCA	P	-0.3183099	0.5407959	2	0.46774194
439	ACC	T	0.55741626	1.0904807	2	1.2530121
440	UUC	F	0.76347303	0.8789618	1	1.1525424
441	AGG	R	0.38395774	3.2002017	2	2.9177055
442	GCA	A	0.13179313	1.1252296	2	1.3406594
443	ACA	T	0.08429328	0.8223374	1	0.8995984
444	ACC	T	-0.05569261	1.0904807	2	1.2530121
445	GAU	D	0.07178391	0.7274807	1	0.5203252
446	CCC	P	0.10925525	1.7079169	3	2.1612904
447	GAA	E	0.24091947	1.3011546	1	1.4620689
448	ACU	T	-0.76899713	0.91446745	1	0.7550201
449	GGU	G	-0.048000813	0.92941177	2	1.2095033
450	CAG	Q	0.1679424	1.2901205	2	1.1954023
451	AUA	I	0.09646825	1.9047084	0	1.9162303
452	CUC	L	-0.17193267	1.7994562	2	2.3744075
453	AUA	I	-0.055262033	1.9047084	0	1.9162303
454	CAC	H	0.0336227	1.6752733	2	1.82
455	GGA	G	0.078257374	1.9927942	2	1.987041
456	AUG	M	-0.35267058	1.0	1	1.0
457	GGU	G	0.24228717	0.92941177	2	1.2095033
458	GAG	E	-0.2745563	0.6988454	2	0.537931
459	CUC	L	0.19734119	1.7994562	2	2.3744075
460	CAC	H	0.0069858907	1.6752733	2	1.82
461	CUC	L	-0.87734807	1.7994562	2	2.3744075
462	GAA	E	-0.19204843	1.3011546	1	1.4620689
463	AUA	I	0.09225365	1.9047084	0	1.9162303
464	AUG	M	-0.021564674	1.0	1	1.0
465	GUU	V	0.1501341	1.5259886	1	1.7898833
466	GAC	D	0.06448315	1.2725194	2	1.4796748
467	AGA	R	0.08625568	2.3239777	1	2.8578553
468	AUG	M	0.021502765	1.0	1	1.0
469	AAG	K	0.032527674	1.0508177	1	1.3197492
470	AGG	R	0.38110572	3.2002017	2	2.9177055
471	GAA	E	-0.7602724	1.3011546	1	1.4620689
472	UAC	Y	0.09854231	1.6451299	1	1.6923077
473	GGA	G	0.072126426	1.9927942	2	1.987041
474	AUU	I	-0.01865357	0.69768155	0	0.5732984
475	GAA	E	0.05175589	1.3011546	1	1.4620689
476	GUG	V	0.15819868	0.7679682	2	0.50583655
477	AAC	N	0.455097	1.4202899	1	1.630137
478	GUC	V	0.34609628	0.4301169	2	0.38132295
479	GGU	G	-0.3133329	0.92941177	2	1.2095033
480	AAA	K	0.11833641	0.9491823	0	0.68025076
481	CCG	P	-0.33672547	0.6999818	3	0.58064514
482	CAG	Q	0.008399904	1.2901205	2	1.1954023
483	GUU	V	-0.6674423	1.5259886	1	1.7898833
484	GCU	A	0.72860783	1.0818167	2	1.1648352
485	UAC	Y	-0.19856508	1.6451299	1	1.6923077
486	AAG	K	0.21907796	1.0508177	1	1.3197492
487	GAA	E	0.2928196	1.3011546	1	1.4620689
488	ACC	T	-0.56305194	1.0904807	2	1.2530121
489	AUC	I	0.020434385	0.39761004	1	0.51047117
490	AGG	R	-0.1546511	3.2002017	2	2.9177055
491	AAA	K	0.13926034	0.9491823	0	0.68025076
492	AAG	K	-0.026704647	1.0508177	1	1.3197492
493	GCA	A	-0.017505767	1.1252296	2	1.3406594
494	AUU	I	-0.7254962	0.69768155	0	0.5732984
495	GGU	G	0.24228717	0.92941177	2	1.2095033
496	GAG	E	-0.29456595	0.6988454	2	0.537931
497	GGU	G	-0.5973776	0.92941177	2	1.2095033
498	AAG	K	0.585005	1.0508177	1	1.3197492
499	UUC	F	-0.21744373	0.8789618	1	1.1525424
500	AUC	I	-0.73488986	0.39761004	1	0.51047117
501	AAG	K	-0.06618439	1.0508177	1	1.3197492
502	CAA	Q	0.8773844	0.7098795	1	0.8045977
503	ACU	T	-0.76899713	0.91446745	1	0.7550201
504	GGU	G	-0.024911676	0.92941177	2	1.2095033
505	GGU	G	-0.98813504	0.92941177	2	1.2095033
506	AGA	R	-0.07825538	2.3239777	1	2.8578553
507	GGG	G	0.38555574	0.5944118	3	0.25053996
508	CAG	Q	0.24932767	1.2901205	2	1.1954023
509	UAC	Y	-0.1127156	1.6451299	1	1.6923077
510	GGU	G	-0.78051984	0.92941177	2	1.2095033
511	CAC	H	-0.121178396	1.6752733	2	1.82
512	GCG	A	0.114425026	0.944732	3	1.0
513	AUA	I	0.71390027	1.9047084	0	1.9162303
514	AUC	I	-1.7787503	0.39761004	1	0.51047117
515	GAA	E	0.45923528	1.3011546	1	1.4620689
516	AUC	I	-1.7787503	0.39761004	1	0.51047117
517	GAA	E	-0.08026497	1.3011546	1	1.4620689
518	CCC	P	-0.23633303	1.7079169	3	2.1612904
519	CUC	L	-0.5796892	1.7994562	2	2.3744075
520	CCC	P	0.08505789	1.7079169	3	2.1612904
521	AGA	R	0.17545943	2.3239777	1	2.8578553
522	GGU	G	0.6094618	0.92941177	2	1.2095033
523	GCG	A	0.9527083	0.944732	3	1.0
524	GGA	G	-0.08532795	1.9927942	2	1.987041
525	UUU	F	0.5194817	1.1210382	0	0.84745765
526	GAA	E	-0.54250526	1.3011546	1	1.4620689
527	UUC	F	0.07407835	0.8789618	1	1.1525424
528	AUA	I	0.44671994	1.9047084	0	1.9162303
529	GAC	D	0.32433826	1.2725194	2	1.4796748
530	GAC	D	-0.2599042	1.2725194	2	1.4796748
531	AUU	I	0.098908484	0.69768155	0	0.5732984
532	CAC	H	0.0336227	1.6752733	2	1.82
533	GGA	G	-0.07477607	1.9927942	2	1.987041
534	GGA	G	-0.0848309	1.9927942	2	1.987041
535	GUU	V	0.14301991	1.5259886	1	1.7898833
536	AUC	I	0.12452613	0.39761004	1	0.51047117
537	CCC	P	-0.24299516	1.7079169	3	2.1612904
538	AAA	K	-0.10778238	0.9491823	0	0.68025076
539	GAA	E	-0.54250526	1.3011546	1	1.4620689
540	UUC	F	0.07407835	0.8789618	1	1.1525424
541	AUA	I	-0.54072124	1.9047084	0	1.9162303
542	CCC	P	-0.06615111	1.7079169	3	2.1612904
543	UCC	S	0.13580969	1.6326423	2	2.0406091
544	GUU	V	0.2786837	1.5259886	1	1.7898833
545	GAG	E	-0.43437693	0.6988454	2	0.537931
546	AAG	K	-0.23594622	1.0508177	1	1.3197492
547	GGU	G	0.29910544	0.92941177	2	1.2095033
548	GUA	V	0.6957366	1.2759264	1	1.3229572
549	AAG	K	0.21907796	1.0508177	1	1.3197492
550	GAA	E	0.0809313	1.3011546	1	1.4620689
551	GCU	A	0.45590043	1.0818167	2	1.1648352
552	AUG	M	0.24884126	1.0	1	1.0
553	CAA	Q	0.27444333	0.7098795	1	0.8045977
554	AAC	N	0.12890597	1.4202899	1	1.630137
555	GGA	G	0.072126426	1.9927942	2	1.987041
556	AUU	I	0.056632124	0.69768155	0	0.5732984
557	CUC	L	0.48359343	1.7994562	2	2.3744075
558	GCA	A	-0.18904349	1.1252296	2	1.3406594
559	GGA	G	-0.1795675	1.9927942	2	1.987041
560	UAC	Y	-0.44415042	1.6451299	1	1.6923077
561	CCC	P	0.33727193	1.7079169	3	2.1612904
562	GUU	V	-0.48845923	1.5259886	1	1.7898833
563	GUU	V	0.1501341	1.5259886	1	1.7898833
564	GAC	D	0.2673745	1.2725194	2	1.4796748
565	GUU	V	-1.139171	1.5259886	1	1.7898833
566	AGA	R	0.24703236	2.3239777	1	2.8578553
567	GUU	V	-1.139171	1.5259886	1	1.7898833
568	AGA	R	0.6087626	2.3239777	1	2.8578553
569	CUC	L	0.5480672	1.7994562	2	2.3744075
570	UUU	F	0.59215325	1.1210382	0	0.84745765
571	GAC	D	0.10493888	1.2725194	2	1.4796748
572	GGU	G	1.2615383	0.92941177	2	1.2095033
573	UCU	S	0.6918876	1.0922362	1	0.91370565
574	UAC	Y	-0.027486943	1.6451299	1	1.6923077
575	CAC	H	-0.14039314	1.6752733	2	1.82
576	GAA	E	0.12798698	1.3011546	1	1.4620689
577	GUU	V	0.1501341	1.5259886	1	1.7898833
578	GAC	D	-0.16985306	1.2725194	2	1.4796748
579	UCU	S	1.0068861	1.0922362	1	0.91370565
580	UCG	S	1.1894705	0.4309287	2	0.24365483
581	GAC	D	-0.024386931	1.2725194	2	1.4796748
582	AUA	I	-0.23002577	1.9047084	0	1.9162303
583	GCA	A	-1.0138091	1.1252296	2	1.3406594
584	UUC	F	0.1931753	0.8789618	1	1.1525424
585	CAG	Q	0.008399904	1.2901205	2	1.1954023
586	GUU	V	0.2636156	1.5259886	1	1.7898833
587	GCG	A	0.37384525	0.944732	3	1.0
588	GGU	G	0.124306984	0.92941177	2	1.2095033
589	UCC	S	0.34132233	1.6326423	2	2.0406091
590	UUG	L	-0.052753005	0.43823922	1	0.2985782
591	GCA	A	-1.0138091	1.1252296	2	1.3406594
592	UUC	F	0.052550904	0.8789618	1	1.1525424
593	AAA	K	0.06133673	0.9491823	0	0.68025076
594	GAU	D	-0.12693942	0.7274807	1	0.5203252
595	GCA	A	0.113071196	1.1252296	2	1.3406594
596	GCC	A	-0.6629655	0.8482217	3	0.4945055
597	AAA	K	0.13926034	0.9491823	0	0.68025076
598	AAG	K	-0.026704647	1.0508177	1	1.3197492
599	GCA	A	-0.33910915	1.1252296	2	1.3406594
600	GAU	D	0.07178391	0.7274807	1	0.5203252
601	CCC	P	0.33727193	1.7079169	3	2.1612904
602	GUU	V	0.12432152	1.5259886	1	1.7898833
603	CUU	L	0.19247185	1.5204598	1	1.436019
604	CUG	L	0.50178796	0.82554364	2	0.8530805
605	GAA	E	-0.08026497	1.3011546	1	1.4620689
606	CCC	P	0.22245486	1.7079169	3	2.1612904
607	AUA	I	0.09225365	1.9047084	0	1.9162303
608	AUG	M	0.13145795	1.0	1	1.0
609	GAA	E	0.12798698	1.3011546	1	1.4620689
610	GUU	V	-0.15277527	1.5259886	1	1.7898833
611	GAA	E	0.05175589	1.3011546	1	1.4620689
612	GUG	V	0.44421145	0.7679682	2	0.50583655
613	GAA	E	0.24091947	1.3011546	1	1.4620689
614	ACU	T	0.6510815	0.91446745	1	0.7550201
615	CCC	P	0.10925525	1.7079169	3	2.1612904
616	GAA	E	0.33516356	1.3011546	1	1.4620689
617	AAG	K	0.48158082	1.0508177	1	1.3197492
618	UAC	Y	0.28686553	1.6451299	1	1.6923077
619	GUG	V	0.2799666	0.7679682	2	0.50583655
620	GGU	G	-0.6910434	0.92941177	2	1.2095033
621	GAC	D	0.2673745	1.2725194	2	1.4796748
622	GUU	V	-0.08520164	1.5259886	1	1.7898833
623	AUA	I	0.38039556	1.9047084	0	1.9162303
624	GGU	G	-0.6910434	0.92941177	2	1.2095033
625	GAC	D	0.19115609	1.2725194	2	1.4796748
626	CUU	L	-1.0003239	1.5204598	1	1.436019
627	AAC	N	0.29809767	1.4202899	1	1.630137
628	UCC	S	0.29199272	1.6326423	2	2.0406091
629	AGA	R	-0.10415132	2.3239777	1	2.8578553
630	AGA	R	-0.17931348	2.3239777	1	2.8578553
631	GGA	G	0.35683954	1.9927942	2	1.987041
632	AAG	K	-0.049034294	1.0508177	1	1.3197492
633	AUU	I	0.053441964	0.69768155	0	0.5732984
634	AUG	M	0.078198306	1.0	1	1.0
635	GGA	G	0.078257374	1.9927942	2	1.987041
636	AUG	M	0.13145795	1.0	1	1.0
637	GAA	E	0.14794503	1.3011546	1	1.4620689
638	AAC	N	-0.22357698	1.4202899	1	1.630137
639	AAG	K	0.10641424	1.0508177	1	1.3197492
640	GGA	G	-0.0848309	1.9927942	2	1.987041
641	GUU	V	-0.08520164	1.5259886	1	1.7898833
642	AUA	I	-0.42899993	1.9047084	0	1.9162303
643	ACA	T	-0.29075187	0.8223374	1	0.8995984
644	GUC	V	-0.20346467	0.4301169	2	0.38132295
645	AUA	I	0.32650515	1.9047084	0	1.9162303
646	AAG	K	0.46979946	1.0508177	1	1.3197492
647	GCU	A	0.12070303	1.0818167	2	1.1648352
648	CAC	H	0.09664574	1.6752733	2	1.82
649	GUU	V	0.76518685	1.5259886	1	1.7898833
650	CCC	P	-0.23633303	1.7079169	3	2.1612904
651	CUC	L	0.48359343	1.7994562	2	2.3744075
652	GCA	A	-0.3764004	1.1252296	2	1.3406594
653	GAG	E	0.1342694	0.6988454	2	0.537931
654	AUG	M	0.16494583	1.0	1	1.0
655	UUC	F	0.45232517	0.8789618	1	1.1525424
656	GGA	G	-0.1795675	1.9927942	2	1.987041
657	UAC	Y	-0.16036274	1.6451299	1	1.6923077
658	GCU	A	0.0267777	1.0818167	2	1.1648352
659	ACG	T	-0.95952094	1.1727145	2	1.0923694
660	ACG	T	-0.32284346	1.1727145	2	1.0923694
661	CUC	L	0.013427026	1.7994562	2	2.3744075
662	AGG	R	0.7158743	3.2002017	2	2.9177055
663	AGC	S	0.5029742	0.99830765	2	1.3401016
664	UUG	L	-0.023118928	0.43823922	1	0.2985782
665	ACA	T	0.22473688	0.8223374	1	0.8995984
666	CAA	Q	0.0103983125	0.7098795	1	0.8045977
667	GGU	G	-0.99357533	0.92941177	2	1.2095033
668	AGG	R	0.27086112	3.2002017	2	2.9177055
669	GGA	G	-0.23613155	1.9927942	2	1.987041
670	ACC	T	0.73071474	1.0904807	2	1.2530121
671	UUU	F	0.07033177	1.1210382	0	0.84745765
672	AUA	I	0.09225365	1.9047084	0	1.9162303
673	AUG	M	-0.024357243	1.0	1	1.0
674	AAA	K	-0.78477836	0.9491823	0	0.68025076
675	UUU	F	0.5772579	1.1210382	0	0.84745765
676	UCC	S	0.45602733	1.6326423	2	2.0406091
677	CAC	H	-0.036229055	1.6752733	2	1.82
678	UAC	Y	0.24996479	1.6451299	1	1.6923077
679	GAC	D	-0.11493881	1.2725194	2	1.4796748
680	GAA	E	0.12798698	1.3011546	1	1.4620689
681	GUU	V	0.5078478	1.5259886	1	1.7898833
682	CCG	P	-0.33672547	0.6999818	3	0.58064514
683	CAG	Q	0.43911988	1.2901205	2	1.1954023
684	CAA	Q	0.18439193	0.7098795	1	0.8045977
685	AUU	I	-0.367199	0.69768155	0	0.5732984
686	GCG	A	0.86946994	0.944732	3	1.0
687	GAA	E	0.33516356	1.3011546	1	1.4620689
688	AAG	K	-0.049034294	1.0508177	1	1.3197492
689	AUU	I	0.7058441	0.69768155	0	0.5732984
690	AUC	I	0.20285667	0.39761004	1	0.51047117
691	GGC	G	-0.53335685	0.48338234	3	0.55291575
692	GAA	E	-0.13679889	1.3011546	1	1.4620689
693	AGA	R	0.08625568	2.3239777	1	2.8578553
694	AUG	M	-0.9029085	1.0	1	1.0
695	GCC	A	-0.67457765	0.8482217	3	0.4945055
696	GGU	G	-0.5973776	0.92941177	2	1.2095033
697	AAG	K	0.7061607	1.0508177	1	1.3197492
698	AGC	S	0.13859643	0.99830765	2	1.3401016
699	UCU	S	0.8859882	1.0922362	1	0.91370565
700	UAA	*		1.5179856	0	1.7586206
